id,learning_rate,seed,train_acc,dev_acc,test_acc
0,0.08,42,0.7545454545454545,0.6740506329113924,0.5405405405405406
1,0.07,42,0.731404958677686,0.6835443037974683,0.5382882882882883
2,0.06,42,0.8024793388429752,0.6645569620253164,0.5382882882882883
3,0.05,42,0.7859504132231405,0.6677215189873418,0.581081081081081
